Cargo,HabilidadePrimaria,HabilidadeSecundaria,HabilidadeTerciaria,Recomendacao
Desenvolvedor,C#,.NET Core,SQL,"RECOMENDAÇÃO DE CURSOS: 1) ASP.NET Core Avançado - Plataforma: Microsoft Learn - Aprenda padrões arquiteturais, microserviços e APIs REST avançadas. 2) Entity Framework Core - Plataforma: Udemy - Domine ORM, migrations e performance tuning com bancos relacionais. 3) Azure DevOps - Plataforma: Pluralsight - CI/CD, pipelines e automação de deploy na nuvem Microsoft. SUGESTÃO DE VAGAS: 1) Desenvolvedor .NET Pleno - Empresa de tecnologia - Trabalhar com C#, APIs REST e bancos SQL Server. Nível: Pleno. 2) Engenheiro de Software .NET - Fintech - Desenvolver sistemas escaláveis com microserviços e Azure. Nível: Pleno a Sênior. 3) Desenvolvedor Full Stack .NET - Startup - Stack completo com React, C# e SQL. Nível: Pleno. PLANO DE DESENVOLVIMENTO: Reforçar conhecimentos em arquitetura de software e design patterns. Adquirir competências em cloud computing (Azure/AWS). Próximos passos: certificações Microsoft e contribuições open source."
Desenvolvedor,Python,Django,PostgreSQL,"RECOMENDAÇÃO DE CURSOS: 1) Django REST Framework - Plataforma: Coursera - Construa APIs RESTful robustas e escaláveis com Django. 2) Python Data Structures - Plataforma: edX - Aprimore algoritmos e estruturas de dados para otimização. 3) PostgreSQL Performance Tuning - Plataforma: Udemy - Indexação, query optimization e administração avançada. SUGESTÃO DE VAGAS: 1) Desenvolvedor Python Backend - E-commerce - APIs com Django, integração de pagamentos. Nível: Pleno. 2) Engenheiro de Software Python - SaaS - Arquitetura de microsserviços e deploy AWS. Nível: Pleno a Sênior. 3) Desenvolvedor Full Stack Python - Agência Digital - Django + React + PostgreSQL. Nível: Pleno. PLANO DE DESENVOLVIMENTO: Reforçar práticas de testes automatizados (pytest, unittest). Adquirir conhecimentos em containers (Docker/Kubernetes). Próximos passos: estudar arquitetura serverless e cloud native."
Desenvolvedor,Java,Spring Boot,MySQL,"RECOMENDAÇÃO DE CURSOS: 1) Spring Framework Masterclass - Plataforma: Udemy - Domine Spring Boot, Spring Data JPA e Spring Security. 2) Microservices com Spring Cloud - Plataforma: Alura - Service discovery, circuit breakers e configuração distribuída. 3) MySQL Query Optimization - Plataforma: LinkedIn Learning - Indexação, explain plans e performance tuning. SUGESTÃO DE VAGAS: 1) Desenvolvedor Java Pleno - Banco Digital - Spring Boot, microserviços e Kafka. Nível: Pleno. 2) Engenheiro de Software Java - Empresa de Logística - APIs RESTful e integração de sistemas legados. Nível: Pleno a Sênior. 3) Desenvolvedor Backend Java - Healthtech - Spring Boot, MySQL e AWS. Nível: Pleno. PLANO DE DESENVOLVIMENTO: Reforçar conhecimentos em mensageria (RabbitMQ/Kafka). Adquirir competências em arquitetura hexagonal e DDD. Próximos passos: certificação Oracle Java e estudar reactive programming."
Analista de Dados,Python,Pandas,SQL,"RECOMENDAÇÃO DE CURSOS: 1) Data Analysis com Python - Plataforma: DataCamp - Manipulação avançada com Pandas, NumPy e visualização. 2) SQL for Data Science - Plataforma: Coursera - Queries complexas, joins, window functions e CTEs. 3) Tableau Fundamentals - Plataforma: Udemy - Criação de dashboards interativos e storytelling com dados. SUGESTÃO DE VAGAS: 1) Analista de Dados Pleno - Retail - Análise de vendas, KPIs e dashboards em Tableau. Nível: Pleno. 2) Data Analyst - Fintech - Python, SQL e modelagem estatística. Nível: Pleno. 3) Analista de Business Intelligence - E-commerce - ETL, SQL e Power BI. Nível: Pleno. PLANO DE DESENVOLVIMENTO: Reforçar estatística descritiva e inferencial. Adquirir conhecimentos em machine learning básico (scikit-learn). Próximos passos: estudar engenharia de dados e cloud analytics (BigQuery/Redshift)."
Cientista de Dados,Python,Machine Learning,TensorFlow,"RECOMENDAÇÃO DE CURSOS: 1) Deep Learning Specialization - Plataforma: Coursera (Andrew Ng) - Redes neurais, CNNs, RNNs e transformers com TensorFlow. 2) MLOps Fundamentals - Plataforma: Udacity - Deploy de modelos, monitoramento e versionamento. 3) Advanced Statistics for ML - Plataforma: edX - Bayesiano, testes de hipóteses e análise multivariada. SUGESTÃO DE VAGAS: 1) Cientista de Dados Sênior - Big Tech - NLP, computer vision e recomendação. Nível: Sênior. 2) ML Engineer - Startup de IA - Deploy de modelos em produção, Kubernetes e MLOps. Nível: Pleno a Sênior. 3) Data Scientist - Healthtech - Modelos preditivos para diagnóstico médico. Nível: Pleno. PLANO DE DESENVOLVIMENTO: Reforçar conhecimentos em deep learning e redes neurais avançadas. Adquirir expertise em MLOps e infraestrutura de ML. Próximos passos: publicações científicas e competições Kaggle."
DevOps,Docker,Kubernetes,Terraform,"RECOMENDAÇÃO DE CURSOS: 1) Certified Kubernetes Administrator (CKA) - Plataforma: Linux Foundation - Administração completa de clusters Kubernetes. 2) Terraform Associate Certification - Plataforma: HashiCorp Learn - Infrastructure as Code e automação multi-cloud. 3) CI/CD Pipelines Avançado - Plataforma: Udemy - Jenkins, GitLab CI, GitHub Actions e ArgoCD. SUGESTÃO DE VAGAS: 1) Engenheiro DevOps Sênior - Fintech - Kubernetes, Terraform e AWS. Nível: Sênior. 2) SRE Engineer - E-commerce - Observabilidade, IaC e automação de deploys. Nível: Pleno a Sênior. 3) DevOps Engineer - Startup - Docker, K8s, CI/CD e monitoramento. Nível: Pleno. PLANO DE DESENVOLVIMENTO: Reforçar práticas de SRE e observabilidade (Prometheus, Grafana). Adquirir certificações cloud (AWS Solutions Architect, Azure DevOps). Próximos passos: contribuir em projetos CNCF e estudar service mesh (Istio)."
QA Engineer,Selenium,Python,CI/CD,"RECOMENDAÇÃO DE CURSOS: 1) Test Automation com Selenium - Plataforma: Udemy - Automação de testes web, Page Object Model e frameworks. 2) Pytest Avançado - Plataforma: Real Python - Fixtures, parametrização e integração com CI/CD. 3) Performance Testing - Plataforma: Coursera - JMeter, Gatling e análise de carga. SUGESTÃO DE VAGAS: 1) QA Automation Engineer Pleno - Fintech - Selenium, Python e Jenkins. Nível: Pleno. 2) SDET (Software Development Engineer in Test) - Big Tech - Testes automatizados e frameworks customizados. Nível: Pleno a Sênior. 3) QA Lead - E-commerce - Estratégia de testes, automação e liderança técnica. Nível: Sênior. PLANO DE DESENVOLVIMENTO: Reforçar conhecimentos em testes de API (Postman, RestAssured). Adquirir habilidades em testes de performance e segurança. Próximos passos: certificação ISTQB Advanced e estudar shift-left testing."
Analista de Segurança,Cybersecurity,Penetration Testing,SIEM,"RECOMENDAÇÃO DE CURSOS: 1) CEH (Certified Ethical Hacker) - Plataforma: EC-Council - Técnicas de penetration testing e ethical hacking. 2) SIEM com Splunk - Plataforma: Udemy - Análise de logs, correlação de eventos e incident response. 3) Cloud Security - Plataforma: Coursera - Segurança em AWS, Azure e práticas de DevSecOps. SUGESTÃO DE VAGAS: 1) Analista de Segurança Pleno - Banco - Monitoramento SIEM, resposta a incidentes. Nível: Pleno. 2) Pentester - Consultoria - Testes de invasão, análise de vulnerabilidades. Nível: Pleno a Sênior. 3) Security Engineer - Fintech - Implementação de controles de segurança e compliance. Nível: Pleno. PLANO DE DESENVOLVIMENTO: Reforçar análise de malware e forensics. Adquirir certificações CISSP e OSCP. Próximos passos: estudar threat intelligence e zero trust architecture."
Product Manager,Product Management,Agile,UX Design,"RECOMENDAÇÃO DE CURSOS: 1) Product Management Fundamentals - Plataforma: Product School - Roadmapping, priorização e métricas de produto. 2) Certified Scrum Product Owner (CSPO) - Plataforma: Scrum Alliance - Práticas ágeis e gestão de backlog. 3) UX Research Methods - Plataforma: Interaction Design Foundation - User interviews, testes de usabilidade e personas. SUGESTÃO DE VAGAS: 1) Product Manager Pleno - SaaS - Gestão de roadmap, priorização e análise de métricas. Nível: Pleno. 2) Senior Product Manager - Fintech - Liderança de squad, OKRs e growth. Nível: Sênior. 3) Technical Product Manager - Big Tech - Produtos B2B, APIs e plataformas. Nível: Pleno a Sênior. PLANO DE DESENVOLVIMENTO: Reforçar análise de dados e métricas (SQL, Analytics). Adquirir conhecimentos em growth hacking e experimentação. Próximos passos: estudar product-led growth e marketplace dynamics."
Designer UX/UI,Figma,User Research,Prototipagem,"RECOMENDAÇÃO DE CURSOS: 1) UX Design Masterclass - Plataforma: Udemy - Research, wireframes, protótipos e testes de usabilidade. 2) Advanced Figma - Plataforma: Skillshare - Components, design systems e auto-layout avançado. 3) Interaction Design - Plataforma: Interaction Design Foundation - Microinterações, animações e design de interfaces. SUGESTÃO DE VAGAS: 1) UX/UI Designer Pleno - Startup - Design de apps, research e prototipagem. Nível: Pleno. 2) Product Designer - E-commerce - User flows, design system e testes A/B. Nível: Pleno a Sênior. 3) Senior UX Designer - Fintech - Liderança de design, research strategy. Nível: Sênior. PLANO DE DESENVOLVIMENTO: Reforçar conhecimentos em acessibilidade (WCAG) e design inclusivo. Adquirir habilidades em motion design e animações. Próximos passos: construir portfólio robusto e estudar design ops."
Engenheiro de Dados,Python,Apache Spark,Airflow,"RECOMENDAÇÃO DE CURSOS: 1) Data Engineering com Spark - Plataforma: Databricks Academy - Processamento distribuído, Delta Lake e otimização. 2) Apache Airflow Fundamentals - Plataforma: Astronomer - Orquestração de pipelines, DAGs e scheduling. 3) Data Warehouse Modernization - Plataforma: Google Cloud - BigQuery, Snowflake e modelagem dimensional. SUGESTÃO DE VAGAS: 1) Engenheiro de Dados Pleno - Fintech - Spark, Airflow e AWS Redshift. Nível: Pleno. 2) Data Engineer - E-commerce - ETL, data lakes e streaming (Kafka). Nível: Pleno a Sênior. 3) Senior Data Engineer - Big Tech - Arquitetura de dados, governança e DataOps. Nível: Sênior. PLANO DE DESENVOLVIMENTO: Reforçar conhecimentos em streaming (Kafka, Flink). Adquirir certificações cloud (AWS Data Analytics, GCP Data Engineer). Próximos passos: estudar data mesh e data fabric architectures."
Mobile Developer,React Native,JavaScript,Firebase,"RECOMENDAÇÃO DE CURSOS: 1) React Native Advanced - Plataforma: Udemy - Performance, animações e integração nativa. 2) Firebase para Mobile - Plataforma: Google - Authentication, Firestore, Cloud Functions e push notifications. 3) Mobile App Architecture - Plataforma: Ray Wenderlich - Clean architecture, state management e testes. SUGESTÃO DE VAGAS: 1) Desenvolvedor Mobile Pleno - Fintech - React Native, integrações bancárias. Nível: Pleno. 2) Mobile Engineer - E-commerce - Apps iOS/Android, pagamentos e geolocalização. Nível: Pleno a Sênior. 3) Senior Mobile Developer - Startup - Liderança técnica, arquitetura e code review. Nível: Sênior. PLANO DE DESENVOLVIMENTO: Reforçar conhecimentos em desenvolvimento nativo (Swift/Kotlin). Adquirir expertise em performance e otimização mobile. Próximos passos: estudar cross-platform avançado e publicar apps na loja."
Frontend Developer,React,TypeScript,CSS,"RECOMENDAÇÃO DE CURSOS: 1) React + TypeScript - Plataforma: Frontend Masters - Hooks avançados, context API e performance. 2) CSS Grid e Flexbox Avançado - Plataforma: CSS Tricks - Layouts responsivos e técnicas modernas. 3) Web Performance Optimization - Plataforma: Google Web Fundamentals - Core Web Vitals, lazy loading e caching. SUGESTÃO DE VAGAS: 1) Desenvolvedor Frontend Pleno - SaaS - React, TypeScript e micro-frontends. Nível: Pleno. 2) Frontend Engineer - E-commerce - Next.js, SEO e performance web. Nível: Pleno a Sênior. 3) Senior Frontend Developer - Fintech - Arquitetura frontend, design systems. Nível: Sênior. PLANO DE DESENVOLVIMENTO: Reforçar conhecimentos em frameworks modernos (Next.js, Remix). Adquirir habilidades em testes frontend (Jest, Testing Library). Próximos passos: contribuir em bibliotecas open source e estudar WebAssembly."
Arquiteto de Software,Microservices,Domain-Driven Design,Cloud Architecture,"RECOMENDAÇÃO DE CURSOS: 1) Software Architecture Fundamentals - Plataforma: O'Reilly - Padrões arquiteturais, trade-offs e decisões técnicas. 2) Domain-Driven Design - Plataforma: Pluralsight - Bounded contexts, aggregates e event storming. 3) AWS Solutions Architect Professional - Plataforma: A Cloud Guru - Arquitetura multi-região, high availability e disaster recovery. SUGESTÃO DE VAGAS: 1) Arquiteto de Software Sênior - Fintech - Definição de arquitetura, governança técnica. Nível: Sênior. 2) Solutions Architect - Consultoria - Desenho de soluções cloud, POCs e liderança. Nível: Sênior a Principal. 3) Enterprise Architect - Grande Corporação - Arquitetura empresarial, integração de sistemas. Nível: Principal. PLANO DE DESENVOLVIMENTO: Reforçar conhecimentos em event-driven architecture e CQRS. Adquirir certificações avançadas (AWS/Azure/GCP Architect). Próximos passos: palestrar em conferências e mentorar times de arquitetura."
Scrum Master,Scrum,Agile Coaching,Facilitation,"RECOMENDAÇÃO DE CURSOS: 1) Certified Scrum Master (CSM) - Plataforma: Scrum Alliance - Cerimônias, artifacts e servant leadership. 2) Agile Coaching - Plataforma: ICAgile - Coaching de times, facilitação e mentoria. 3) SAFe Scrum Master - Plataforma: Scaled Agile - Scrum em escala, PI planning e ALM. SUGESTÃO DE VAGAS: 1) Scrum Master Pleno - Fintech - Facilitação de cerimônias, remoção de impedimentos. Nível: Pleno. 2) Agile Coach - Consultoria - Transformação ágil, coaching de líderes. Nível: Sênior. 3) Senior Scrum Master - E-commerce - Múltiplos squads, métricas ágeis. Nível: Sênior. PLANO DE DESENVOLVIMENTO: Reforçar conhecimentos em frameworks ágeis (Kanban, SAFe). Adquirir habilidades em facilitação avançada e resolução de conflitos. Próximos passos: certificação Professional Scrum Master III e estudar management 3.0."
